INSERT INTO "bankDB"."Client"(
	"PassportNumber", "FullName", "Address", "Phone", "E-mail")
	values (157712532, 'Лихачев Харитон Богданович', 'п. Истра, бул. Строительный, д. 8/3, 202939', 86818727677, 'krasilnikovaija@yahoo.com'),
(015334936, 'Елизавета Святославовна Лихачева', 'д. Одинцово, ш. Дарвина, д. 2/2 к. 14, 030959', 78710512920, 'tretjakovilarion@yandex.ru'),
(997403724, 'Мария Тарасовна Зыкова', 'с. Киржач, пр. Вавилова, д. 143 к. 7/3, 581848', 78393157982, 'sokolovdemid@gmail.com'),
(710751005, 'Назар Фомич Крылов', 'клх Кирово-Чепецк, пр. Пархоменко, д. 51 к. 220, 022893', 86007944257, 'milenfomichev@rambler.ru'),
(121748022, 'Галина Святославовна Некрасова', 'п. Усть-Катав, бул. Кочубея, д. 606 к. 3/5, 846641', 77476804830, 'isidor69@gmail.com'),
(189266391, 'Крюкова Елизавета Борисовна', 'д. Оленегорск (Якут.), пр. Королева, д. 95, 771803', 86970156808, 'oktjabrina_16@gmail.com'),
(856093670, 'Мухин Потап Вячеславович', 'к. Новочеркасск, ул. Халтурина, д. 3 стр. 4/5, 323611', 76921434582, 'evdokimovboris@yandex.ru'),
(324629513, 'Владимирова Ольга Романовна', 'к. Старая Русса, алл. Приморская, д. 39 стр. 2/5, 500187', 80745955216, 'kuprijan_23@mail.ru'),
(116549023, 'Фадеев Милан Гаврилович', 'ст. Одинцово, алл. Заливная, д. 612 стр. 863, 913075', 79178544542, 'simonovsaveli@yandex.ru'),
(051690385, 'Фадеев Фока Яковлевич', 'ст. Ногинск (Моск.), пр. Щорса, д. 813 стр. 5, 756425', 89348592289, 'vorobevelizar@hotmail.com'),
(571140644, 'Оксана Аркадьевна Соловьева', 'д. Хасавюрт, ш. Станционное, д. 4, 640885', 80209282910, 'makar24@hotmail.com'),
(123609496, 'Лука Вячеславович Наумов', 'д. Карачаевск, ш. Астраханское, д. 9/8 к. 522, 901051', 72381924356, 'seliverst_1983@yandex.ru'),
(129798791, 'Носов Анисим Владиславович', 'г. Валаам, бул. Баумана, д. 9/8 стр. 60, 046782', 71400117644, 'tkonovalov@hotmail.com'),
(952442573, 'Ираклий Елисеевич Макаров', 'клх Клин, алл. Детская, д. 9/4, 976363', 71988453310, 'evstigne_1973@yahoo.com');

INSERT INTO "bankDB"."Currency"(
	"Name", "Country")
	VALUES ('Российский Рубль', 'Россия'),
	('Доллар США', 'США'),
	('Евро', 'Европа'),
	('Фунт стерлингов', 'Великобритания');
	
INSERT INTO "bankDB"."EmployeeCategory"(
	"Name", "Description", "Salary")
	VALUES ('Оператор call-центра банка', 'Выбирать школьный полностью дальний вытаскивать освободить. Выкинуть угодный деловой рис солнце другой рай. Наткнуться непривычный еврейский число строительство порядок провал.', '45000'),
	('Менеджер по продажам банковских услуг', 'Желание поздравлять лиловый. Дружно скользить разводить коммунизм деньги. Намерение фонарик порода привлекать. Означать ответить инвалид войти.', '80000'),
	('Сотрудник по работе с клиентами', 'Четко функция бочок видимо отражение. Одиннадцать мимо грудь багровый трясти. Сынок одиннадцать угол вчера витрина коробка зима.', '60000');
	('Менеджер обслуживания', 'Разуметься радость висеть единый самостоятельно указанный уронить. Карандаш страсть бегать совещание рис школьный четко. Ставить успокоиться пол ручей.', '68000');
	
INSERT INTO "bankDB"."Employee"(
	"FullName", "PassportNumber", "Age", "Phone", "Address", "IdCategory")
	VALUES ('Арсений Вилорович Рыбаков', 017880135, 52, 75788605119, 'ст. Новый Оскол, ш. Мелиоративное, д. 984, 623840', 3),
('Мухин Георгий Тимурович', 250497905, 36, 79586804890, 'к. Троицк (Моск.), алл. Павлова, д. 5, 965930', 4),
('Лукия Михайловна Лобанова', 779012004, 29, 73658656011, 'г. Углич, ул. Верхняя, д. 1 стр. 251, 680122', 3),
('Трофим Богданович Корнилов', 405184786, 37, 83731616739, 'ст. Красноярск, ул. Торговая, д. 6/9 стр. 6, 945303', 2),
('Пономарев Олег Иосипович', 198566376, 34, 85140617390, 'клх Арзамас, бул. Гвардейский, д. 30, 774957', 1),
('Лихачев Корнил Якубович', 199708425, 41, 87968201626, 'д. Сыктывкар, бул. Раздольный, д. 369, 029151', 2),
('Агап Адамович Матвеев', 154603810, 37, 73705470174, 'ст. Кинешма, алл. Широкая, д. 599 стр. 6/7, 749607', 1),
('Новиков Феликс Ярославович', 782762631, 46, 75790699785, 'п. Диксон, пер. Кузнецкий, д. 8, 391558', 2),
('Михайлова Агата Владимировна', 320158094, 58, 89213833510, 'д. Миллерово, ш. Николаева, д. 4/5 стр. 50, 477472', 2),
('Доронин Касьян Арсеньевич', 440271121, 22, 72213679224, 'к. Азов (Рост.), пер. Волжский, д. 2/7 стр. 173, 240859', 1);

INSERT INTO "bankDB"."DepositType"(
	"Name", "Description", "Rate", "MinStartSum", "MaxStartSum", "Term")
	VALUES ('Красивый', 'Спорт кидать теория основание промолчать инструкция скользить. Угроза район призыв дрогнуть привлекать плод привлекать.', 7, 100000, 600000, 12),
	('Умный', 'Видимо хлеб за песня художественный теория. Войти столетие дошлый совет пространство затянуться лиловый адвокат.', 12, 100000, 700000, 24),
	('Молодёжный', 'Сомнительный дальний вообще покидать результат. Тревога реклама пропасть райком. Жидкий пропаганда мгновение сынок через.', 10, 80000, 500000, 24);

INSERT INTO "bankDB"."LoanType"(
	"Name", "Description", "Rate", "MinStartSum", "MaxStartSum", "Term")
	VALUES ('Выгодный', 'Сынок очко уронить дорогой промолчать роса. Тяжелый инвалид промолчать. Пропасть находить запретить.', 5, 100000, 500000, 24),
	('Классный', 'Аж анализ покинуть бетонный счастье. Спешить промолчать механический что бок. Потянуться хозяйка пропаганда миф.', 14, 50000, 300000, 12),
	('Молодёжный', 'Сомнительный дальний вообще покидать результат. Тревога реклама пропасть райком. Жидкий пропаганда мгновение сынок через.', 8, 80000, 400000, 24);

INSERT INTO "bankDB"."DepositAgreement"(
	"DepositDate", "PaymentDay", "PlanCloseDate", "StartSum", "TabelNumber", "PassportNumber", "IdCurrency", "IdType")
	values ('2023-06-20', 6, '2024-06-20','100000', 100014, 952442573, 2, 1),
('2023-08-13', 20, '2025-08-13', '202000', 100020, 123609496, 2, 2),
('2023-01-03', 23, '2025-01-03', '197000', 100013, 324629513, 1, 2),
('2023-05-28', 24, '2025-05-28', '273000', 100015, 157712532, 1, 3),
('2023-09-07', 25, '2025-09-07', '146000', 100016, 129798791, 1, 3),
('2023-07-17', 22, '2024-07-17', '277000', 100016, 189266391, 4, 1);

INSERT INTO "bankDB"."LoanAgreement"(
	"LoanDate", "PaymentDay", "PlanCloseDate", "StartSum", "Debt", "TabelNumber", "PassportNumber", "IdCurrency", "TypeId")
	values ('2023-02-20', 9, '2025-02-20', '154000', '154000', 100015, 123609496, 2, 6),
('2023-09-29', 27, '2025-09-29', '282000', '282000', 100017, 571140644, 4, 4),
('2023-07-22', 11, '2025-07-22', '158000', '158000', 100017, 324629513, 1, 6),
('2023-08-04', 20, '2025-08-04', '288000', '288000', 100013, 51690385, 3, 6),
('2023-03-28', 21, '2025-03-28', '226000', '226000', 100014, 121748022, 4, 6),
('2023-08-10', 27, '2024-08-10', '200000', '200000', 100011, 129798791, 2, 5);

INSERT INTO "bankDB"."DepositPaySchedule"(
	"AgreementNumber", "PlanPaymentDate", "Payment")
	VALUES (21, '2023-7-6', 583.33),
(21, '2023-8-6', 586.74),
(21, '2023-9-6', 590.16),
(21, '2023-10-6', 593.6),
(21, '2023-11-6', 597.06),
(21, '2023-12-6', 600.55),
(21, '2024-1-6', 604.05),
(21, '2024-2-6', 607.57),
(21, '2024-3-6', 611.12),
(21, '2024-4-6', 614.68),
(21, '2024-5-6', 618.27),
(21, '2024-6-6', 621.87),
(22, '2023-9-20', 2020.0),
(22, '2023-10-20', 2040.2),
(22, '2023-11-20', 2060.6),
(22, '2023-12-20', 2081.21),
(22, '2024-1-20', 2102.02),
(22, '2024-2-20', 2123.04),
(22, '2024-3-20', 2144.27),
(22, '2024-4-20', 2165.71),
(22, '2024-5-20', 2187.37),
(22, '2024-6-20', 2209.24),
(22, '2024-7-20', 2231.34),
(22, '2024-8-20', 2253.65),
(22, '2024-9-20', 2276.19),
(22, '2024-10-20', 2298.95),
(22, '2024-11-20', 2321.94),
(22, '2024-12-20', 2345.16),
(22, '2025-1-20', 2368.61),
(22, '2025-2-20', 2392.29),
(22, '2025-3-20', 2416.22),
(22, '2025-4-20', 2440.38),
(22, '2025-5-20', 2464.78),
(22, '2025-6-20', 2489.43),
(22, '2025-7-20', 2514.33),
(22, '2025-8-20', 2539.47),
(23, '2023-2-23', 1970.0),
(23, '2023-3-23', 1989.7),
(23, '2023-4-23', 2009.6),
(23, '2023-5-23', 2029.69),
(23, '2023-6-23', 2049.99),
(23, '2023-7-23', 2070.49),
(23, '2023-8-23', 2091.19),
(23, '2023-9-23', 2112.11),
(23, '2023-10-23', 2133.23),
(23, '2023-11-23', 2154.56),
(23, '2023-12-23', 2176.11),
(23, '2024-1-23', 2197.87),
(23, '2024-2-23', 2219.85),
(23, '2024-3-23', 2242.04),
(23, '2024-4-23', 2264.46),
(23, '2024-5-23', 2287.11),
(23, '2024-6-23', 2309.98),
(23, '2024-7-23', 2333.08),
(23, '2024-8-23', 2356.41),
(23, '2024-9-23', 2379.97),
(23, '2024-10-23', 2403.77),
(23, '2024-11-23', 2427.81),
(23, '2024-12-23', 2452.09),
(23, '2025-1-23', 2476.61),
(24, '2023-6-24', 2275.0),
(24, '2023-7-24', 2293.96),
(24, '2023-8-24', 2313.07),
(24, '2023-9-24', 2332.35),
(24, '2023-10-24', 2351.79),
(24, '2023-11-24', 2371.38),
(24, '2023-12-24', 2391.15),
(24, '2024-1-24', 2411.07),
(24, '2024-2-24', 2431.16),
(24, '2024-3-24', 2451.42),
(24, '2024-4-24', 2471.85),
(24, '2024-5-24', 2492.45),
(24, '2024-6-24', 2513.22),
(24, '2024-7-24', 2534.17),
(24, '2024-8-24', 2555.28),
(24, '2024-9-24', 2576.58),
(24, '2024-10-24', 2598.05),
(24, '2024-11-24', 2619.7),
(24, '2024-12-24', 2641.53),
(24, '2025-1-24', 2663.54),
(24, '2025-2-24', 2685.74),
(24, '2025-3-24', 2708.12),
(24, '2025-4-24', 2730.69),
(24, '2025-5-24', 2753.44),
(25, '2023-10-25', 1216.67),
(25, '2023-11-25', 1226.81),
(25, '2023-12-25', 1237.03),
(25, '2024-1-25', 1247.34),
(25, '2024-2-25', 1257.73),
(25, '2024-3-25', 1268.21),
(25, '2024-4-25', 1278.78),
(25, '2024-5-25', 1289.44),
(25, '2024-6-25', 1300.18),
(25, '2024-7-25', 1311.02),
(25, '2024-8-25', 1321.94),
(25, '2024-9-25', 1332.96),
(25, '2024-10-25', 1344.07),
(25, '2024-11-25', 1355.27),
(25, '2024-12-25', 1366.56),
(25, '2025-1-25', 1377.95),
(25, '2025-2-25', 1389.43),
(25, '2025-3-25', 1401.01),
(25, '2025-4-25', 1412.69),
(25, '2025-5-25', 1424.46),
(25, '2025-6-25', 1436.33),
(25, '2025-7-25', 1448.3),
(25, '2025-8-25', 1460.37),
(25, '2025-9-25', 1472.54),
(26, '2023-8-22', 1615.83),
(26, '2023-9-22', 1625.26),
(26, '2023-10-22', 1634.74),
(26, '2023-11-22', 1644.28),
(26, '2023-12-22', 1653.87),
(26, '2024-1-22', 1663.51),
(26, '2024-2-22', 1673.22),
(26, '2024-3-22', 1682.98),
(26, '2024-4-22', 1692.8),
(26, '2024-5-22', 1702.67),
(26, '2024-6-22', 1712.6),
(26, '2024-7-22', 1722.59);

INSERT INTO "bankDB"."LoanPaySchedule"(
	"AgreementNumber", "PlanPaymentDate", "DebtPayment", "InterestPayment")
	VALUES (7, '2023-3-9', 6416.67, 1026.67),
(7, '2023-4-9', 6416.67, 983.89),
(7, '2023-5-9', 6416.67, 941.11),
(7, '2023-6-9', 6416.67, 898.33),
(7, '2023-7-9', 6416.67, 855.56),
(7, '2023-8-9', 6416.67, 812.78),
(7, '2023-9-9', 6416.67, 770.0),
(7, '2023-10-9', 6416.67, 727.22),
(7, '2023-11-9', 6416.67, 684.44),
(7, '2023-12-9', 6416.67, 641.67),
(7, '2024-1-9', 6416.67, 598.89),
(7, '2024-2-9', 6416.67, 556.11),
(7, '2024-3-9', 6416.67, 513.33),
(7, '2024-4-9', 6416.67, 470.56),
(7, '2024-5-9', 6416.67, 427.78),
(7, '2024-6-9', 6416.67, 385.0),
(7, '2024-7-9', 6416.67, 342.22),
(7, '2024-8-9', 6416.67, 299.44),
(7, '2024-9-9', 6416.67, 256.67),
(7, '2024-10-9', 6416.67, 213.89),
(7, '2024-11-9', 6416.67, 171.11),
(7, '2024-12-9', 6416.67, 128.33),
(7, '2025-1-9', 6416.67, 85.56),
(7, '2025-2-9', 6416.67, 42.78),
(8, '2023-10-27', 11750.0, 1175.0),
(8, '2023-11-27', 11750.0, 1126.04),
(8, '2023-12-27', 11750.0, 1077.08),
(8, '2024-1-27', 11750.0, 1028.12),
(8, '2024-2-27', 11750.0, 979.17),
(8, '2024-3-27', 11750.0, 930.21),
(8, '2024-4-27', 11750.0, 881.25),
(8, '2024-5-27', 11750.0, 832.29),
(8, '2024-6-27', 11750.0, 783.33),
(8, '2024-7-27', 11750.0, 734.38),
(8, '2024-8-27', 11750.0, 685.42),
(8, '2024-9-27', 11750.0, 636.46),
(8, '2024-10-27', 11750.0, 587.5),
(8, '2024-11-27', 11750.0, 538.54),
(8, '2024-12-27', 11750.0, 489.58),
(8, '2025-1-27', 11750.0, 440.62),
(8, '2025-2-27', 11750.0, 391.67),
(8, '2025-3-27', 11750.0, 342.71),
(8, '2025-4-27', 11750.0, 293.75),
(8, '2025-5-27', 11750.0, 244.79),
(8, '2025-6-27', 11750.0, 195.83),
(8, '2025-7-27', 11750.0, 146.88),
(8, '2025-8-27', 11750.0, 97.92),
(8, '2025-9-27', 11750.0, 48.96),
(9, '2023-8-11', 6583.33, 1053.33),
(9, '2023-9-11', 6583.33, 1009.44),
(9, '2023-10-11', 6583.33, 965.56),
(9, '2023-11-11', 6583.33, 921.67),
(9, '2023-12-11', 6583.33, 877.78),
(9, '2024-1-11', 6583.33, 833.89),
(9, '2024-2-11', 6583.33, 790.0),
(9, '2024-3-11', 6583.33, 746.11),
(9, '2024-4-11', 6583.33, 702.22),
(9, '2024-5-11', 6583.33, 658.33),
(9, '2024-6-11', 6583.33, 614.44),
(9, '2024-7-11', 6583.33, 570.56),
(9, '2024-8-11', 6583.33, 526.67),
(9, '2024-9-11', 6583.33, 482.78),
(9, '2024-10-11', 6583.33, 438.89),
(9, '2024-11-11', 6583.33, 395.0),
(9, '2024-12-11', 6583.33, 351.11),
(9, '2025-1-11', 6583.33, 307.22),
(9, '2025-2-11', 6583.33, 263.33),
(9, '2025-3-11', 6583.33, 219.44),
(9, '2025-4-11', 6583.33, 175.56),
(9, '2025-5-11', 6583.33, 131.67),
(9, '2025-6-11', 6583.33, 87.78),
(9, '2025-7-11', 6583.33, 43.89),
(10, '2023-9-20', 12000.0, 1920.0),
(10, '2023-10-20', 12000.0, 1840.0),
(10, '2023-11-20', 12000.0, 1760.0),
(10, '2023-12-20', 12000.0, 1680.0),
(10, '2024-1-20', 12000.0, 1600.0),
(10, '2024-2-20', 12000.0, 1520.0),
(10, '2024-3-20', 12000.0, 1440.0),
(10, '2024-4-20', 12000.0, 1360.0),
(10, '2024-5-20', 12000.0, 1280.0),
(10, '2024-6-20', 12000.0, 1200.0),
(10, '2024-7-20', 12000.0, 1120.0),
(10, '2024-8-20', 12000.0, 1040.0),
(10, '2024-9-20', 12000.0, 960.0),
(10, '2024-10-20', 12000.0, 880.0),
(10, '2024-11-20', 12000.0, 800.0),
(10, '2024-12-20', 12000.0, 720.0),
(10, '2025-1-20', 12000.0, 640.0),
(10, '2025-2-20', 12000.0, 560.0),
(10, '2025-3-20', 12000.0, 480.0),
(10, '2025-4-20', 12000.0, 400.0),
(10, '2025-5-20', 12000.0, 320.0),
(10, '2025-6-20', 12000.0, 240.0),
(10, '2025-7-20', 12000.0, 160.0),
(10, '2025-8-20', 12000.0, 80.0),
(11, '2023-4-21', 9416.67, 1506.67),
(11, '2023-5-21', 9416.67, 1443.89),
(11, '2023-6-21', 9416.67, 1381.11),
(11, '2023-7-21', 9416.67, 1318.33),
(11, '2023-8-21', 9416.67, 1255.56),
(11, '2023-9-21', 9416.67, 1192.78),
(11, '2023-10-21', 9416.67, 1130.0),
(11, '2023-11-21', 9416.67, 1067.22),
(11, '2023-12-21', 9416.67, 1004.44),
(11, '2024-1-21', 9416.67, 941.67),
(11, '2024-2-21', 9416.67, 878.89),
(11, '2024-3-21', 9416.67, 816.11),
(11, '2024-4-21', 9416.67, 753.33),
(11, '2024-5-21', 9416.67, 690.56),
(11, '2024-6-21', 9416.67, 627.78),
(11, '2024-7-21', 9416.67, 565.0),
(11, '2024-8-21', 9416.67, 502.22),
(11, '2024-9-21', 9416.67, 439.44),
(11, '2024-10-21', 9416.67, 376.67),
(11, '2024-11-21', 9416.67, 313.89),
(11, '2024-12-21', 9416.67, 251.11),
(11, '2025-1-21', 9416.67, 188.33),
(11, '2025-2-21', 9416.67, 125.56),
(11, '2025-3-21', 9416.67, 62.78),
(12, '2023-9-27', 16666.67, 2333.33),
(12, '2023-10-27', 16666.67, 2138.89),
(12, '2023-11-27', 16666.67, 1944.44),
(12, '2023-12-27', 16666.67, 1750.0),
(12, '2024-1-27', 16666.67, 1555.56),
(12, '2024-2-27', 16666.67, 1361.11),
(12, '2024-3-27', 16666.67, 1166.67),
(12, '2024-4-27', 16666.67, 972.22),
(12, '2024-5-27', 16666.67, 777.78),
(12, '2024-6-27', 16666.67, 583.33),
(12, '2024-7-27', 16666.67, 388.89),
(12, '2024-8-27', 16666.67, 194.44);