INSERT INTO "bankDB"."Client"(
	"PassportNumber", "FullName", "Address", "Phone", "E-mail")
	values (157712532, 'Лихачев Харитон Богданович', 'п. Истра, бул. Строительный, д. 8/3, 202939', 86818727677, 'krasilnikovaija@yahoo.com'),
(015334936, 'Елизавета Святославовна Лихачева', 'д. Одинцово, ш. Дарвина, д. 2/2 к. 14, 030959', 78710512920, 'tretjakovilarion@yandex.ru'),
(997403724, 'Мария Тарасовна Зыкова', 'с. Киржач, пр. Вавилова, д. 143 к. 7/3, 581848', 78393157982, 'sokolovdemid@gmail.com'),
(710751005, 'Назар Фомич Крылов', 'клх Кирово-Чепецк, пр. Пархоменко, д. 51 к. 220, 022893', 86007944257, 'milenfomichev@rambler.ru'),
(121748022, 'Галина Святославовна Некрасова', 'п. Усть-Катав, бул. Кочубея, д. 606 к. 3/5, 846641', 77476804830, 'isidor69@gmail.com'),
(189266391, 'Крюкова Елизавета Борисовна', 'д. Оленегорск (Якут.), пр. Королева, д. 95, 771803', 86970156808, 'oktjabrina_16@gmail.com'),
(856093670, 'Мухин Потап Вячеславович', 'к. Новочеркасск, ул. Халтурина, д. 3 стр. 4/5, 323611', 76921434582, 'evdokimovboris@yandex.ru'),
(324629513, 'Владимирова Ольга Романовна', 'к. Старая Русса, алл. Приморская, д. 39 стр. 2/5, 500187', 80745955216, 'kuprijan_23@mail.ru'),
(116549023, 'Фадеев Милан Гаврилович', 'ст. Одинцово, алл. Заливная, д. 612 стр. 863, 913075', 79178544542, 'simonovsaveli@yandex.ru'),
(051690385, 'Фадеев Фока Яковлевич', 'ст. Ногинск (Моск.), пр. Щорса, д. 813 стр. 5, 756425', 89348592289, 'vorobevelizar@hotmail.com'),
(571140644, 'Оксана Аркадьевна Соловьева', 'д. Хасавюрт, ш. Станционное, д. 4, 640885', 80209282910, 'makar24@hotmail.com'),
(123609496, 'Лука Вячеславович Наумов', 'д. Карачаевск, ш. Астраханское, д. 9/8 к. 522, 901051', 72381924356, 'seliverst_1983@yandex.ru'),
(129798791, 'Носов Анисим Владиславович', 'г. Валаам, бул. Баумана, д. 9/8 стр. 60, 046782', 71400117644, 'tkonovalov@hotmail.com'),
(952442573, 'Ираклий Елисеевич Макаров', 'клх Клин, алл. Детская, д. 9/4, 976363', 71988453310, 'evstigne_1973@yahoo.com');

INSERT INTO "bankDB"."Currency"(
	"Name", "Country")
	VALUES ('Российский Рубль', 'Россия'),
	('Доллар США', 'США'),
	('Евро', 'Европа'),
	('Фунт стерлингов', 'Великобритания');
	
INSERT INTO "bankDB"."EmployeeCategory"(
	"Name", "Description", "Salary")
	VALUES ('Оператор call-центра банка', 'Выбирать школьный полностью дальний вытаскивать освободить. Выкинуть угодный деловой рис солнце другой рай. Наткнуться непривычный еврейский число строительство порядок провал.', '45000'),
	('Менеджер по продажам банковских услуг', 'Желание поздравлять лиловый. Дружно скользить разводить коммунизм деньги. Намерение фонарик порода привлекать. Означать ответить инвалид войти.', '80000'),
	('Сотрудник по работе с клиентами', 'Четко функция бочок видимо отражение. Одиннадцать мимо грудь багровый трясти. Сынок одиннадцать угол вчера витрина коробка зима.', '60000');
	('Менеджер обслуживания', 'Разуметься радость висеть единый самостоятельно указанный уронить. Карандаш страсть бегать совещание рис школьный четко. Ставить успокоиться пол ручей.', '68000');
	
INSERT INTO "bankDB"."Employee"(
	"FullName", "PassportNumber", "Age", "Phone", "Address", "IdCategory")
	VALUES ('Арсений Вилорович Рыбаков', 017880135, 52, 75788605119, 'ст. Новый Оскол, ш. Мелиоративное, д. 984, 623840', 3),
('Мухин Георгий Тимурович', 250497905, 36, 79586804890, 'к. Троицк (Моск.), алл. Павлова, д. 5, 965930', 4),
('Лукия Михайловна Лобанова', 779012004, 29, 73658656011, 'г. Углич, ул. Верхняя, д. 1 стр. 251, 680122', 3),
('Трофим Богданович Корнилов', 405184786, 37, 83731616739, 'ст. Красноярск, ул. Торговая, д. 6/9 стр. 6, 945303', 2),
('Пономарев Олег Иосипович', 198566376, 34, 85140617390, 'клх Арзамас, бул. Гвардейский, д. 30, 774957', 1),
('Лихачев Корнил Якубович', 199708425, 41, 87968201626, 'д. Сыктывкар, бул. Раздольный, д. 369, 029151', 2),
('Агап Адамович Матвеев', 154603810, 37, 73705470174, 'ст. Кинешма, алл. Широкая, д. 599 стр. 6/7, 749607', 1),
('Новиков Феликс Ярославович', 782762631, 46, 75790699785, 'п. Диксон, пер. Кузнецкий, д. 8, 391558', 2),
('Михайлова Агата Владимировна', 320158094, 58, 89213833510, 'д. Миллерово, ш. Николаева, д. 4/5 стр. 50, 477472', 2),
('Доронин Касьян Арсеньевич', 440271121, 22, 72213679224, 'к. Азов (Рост.), пер. Волжский, д. 2/7 стр. 173, 240859', 1);

INSERT INTO "bankDB"."DepositAgreement"(
	"Name", "Description", "DepositDate", "PaymentDay", "PlanCloseDate", "DepositRate", "StartSum", "TabelNumber", "PassportNumber", "IdCurrency")
	values ('Красивый', 'Спорт кидать теория основание промолчать инструкция скользить. Угроза район призыв дрогнуть привлекать плод привлекать.', '2023-06-20', 6, '2024-06-20', 7, '100000', 100014, 952442573, 2),
('Умный', 'Видимо хлеб за песня художественный теория. Войти столетие дошлый совет пространство затянуться лиловый адвокат.', '2023-08-13', 20, '2025-08-13', 12, '202000', 100020, 123609496, 2),
('Умный', 'Видимо хлеб за песня художественный теория. Войти столетие дошлый совет пространство затянуться лиловый адвокат.', '2023-01-03', 23, '2025-01-03', 12, '197000', 100013, 324629513, 1),
('Молодёжный', 'Сомнительный дальний вообще покидать результат. Тревога реклама пропасть райком. Жидкий пропаганда мгновение сынок через.', '2023-05-28', 24, '2025-05-28', 10, '273000', 100015, 157712532, 1),
('Молодёжный', 'Сомнительный дальний вообще покидать результат. Тревога реклама пропасть райком. Жидкий пропаганда мгновение сынок через.', '2023-09-07', 25, '2025-09-07', 10, '146000', 100016, 129798791, 1),
('Красивый', 'Спорт кидать теория основание промолчать инструкция скользить. Угроза район призыв дрогнуть привлекать плод привлекать.', '2023-07-17', 22, '2024-07-17', 7, '277000', 100016, 189266391, 4);

INSERT INTO "bankDB"."LoanAgreeement"(
	"Name", "Description", "LoanDate", "PaymentDay", "PlanCloseDate", "InterestRate", "StartSum", "Debt", "TabelNumber", "PassportNumber", "IdCurrency")
	values ('Молодёжный', 'Сомнительный дальний вообще покидать результат. Тревога реклама пропасть райком. Жидкий пропаганда мгновение сынок через.', '2023-02-20', 9, '2025-02-20', 8, '154000', '154000', 100015, 123609496, 2),
('Выгодный', 'Сынок очко уронить дорогой промолчать роса. Тяжелый инвалид промолчать. Пропасть находить запретить.', '2023-09-29', 27, '2025-09-29', 5, '282000', '282000', 100017, 571140644, 4),
('Молодёжный', 'Сомнительный дальний вообще покидать результат. Тревога реклама пропасть райком. Жидкий пропаганда мгновение сынок через.', '2023-07-22', 11, '2025-07-22', 8, '158000', '158000', 100017, 324629513, 1),
('Молодёжный', 'Сомнительный дальний вообще покидать результат. Тревога реклама пропасть райком. Жидкий пропаганда мгновение сынок через.', '2023-08-04', 20, '2025-08-04', 8, '288000', '288000', 100013, 51690385, 3),
('Молодёжный', 'Сомнительный дальний вообще покидать результат. Тревога реклама пропасть райком. Жидкий пропаганда мгновение сынок через.', '2023-03-28', 21, '2025-03-28', 8, '226000', '226000', 100014, 121748022, 4),
('Классный', 'Аж анализ покинуть бетонный счастье. Спешить промолчать механический что бок. Потянуться хозяйка пропаганда миф.', '2023-08-10', 27, '2024-08-10', 14, '200000', '200000', 100011, 129798791, 2);

INSERT INTO "bankDB"."DepositPaySchedule"(
	"AgreementNumber", "PlanPaymentDay", "Payment")
	VALUES (15, '2023-7-20', 583),
(15, '2023-7-6', 583),
(15, '2023-8-6', 587),
(15, '2023-9-6', 590),
(15, '2023-10-6', 594),
(15, '2023-11-6', 597),
(15, '2023-12-6', 601),
(15, '2024-1-6', 604),
(15, '2024-2-6', 608),
(15, '2024-3-6', 611),
(15, '2024-4-6', 615),
(15, '2024-5-6', 618),
(15, '2024-6-6', 622),
(16, '2023-9-20', 2020),
(16, '2023-10-20', 2040),
(16, '2023-11-20', 2061),
(16, '2023-12-20', 2081),
(16, '2024-1-20', 2102),
(16, '2024-2-20', 2123),
(16, '2024-3-20', 2144),
(16, '2024-4-20', 2166),
(16, '2024-5-20', 2187),
(16, '2024-6-20', 2209),
(16, '2024-7-20', 2231),
(16, '2024-8-20', 2254),
(16, '2024-9-20', 2276),
(16, '2024-10-20', 2299),
(16, '2024-11-20', 2322),
(16, '2024-12-20', 2345),
(16, '2025-1-20', 2369),
(16, '2025-2-20', 2392),
(16, '2025-3-20', 2416),
(16, '2025-4-20', 2440),
(16, '2025-5-20', 2465),
(16, '2025-6-20', 2489),
(16, '2025-7-20', 2514),
(16, '2025-8-20', 2539),
(17, '2023-2-23', 1970),
(17, '2023-3-23', 1990),
(17, '2023-4-23', 2010),
(17, '2023-5-23', 2030),
(17, '2023-6-23', 2050),
(17, '2023-7-23', 2070),
(17, '2023-8-23', 2091),
(17, '2023-9-23', 2112),
(17, '2023-10-23', 2133),
(17, '2023-11-23', 2155),
(17, '2023-12-23', 2176),
(17, '2024-1-23', 2198),
(17, '2024-2-23', 2220),
(17, '2024-3-23', 2242),
(17, '2024-4-23', 2264),
(17, '2024-5-23', 2287),
(17, '2024-6-23', 2310),
(17, '2024-7-23', 2333),
(17, '2024-8-23', 2356),
(17, '2024-9-23', 2380),
(17, '2024-10-23', 2404),
(17, '2024-11-23', 2428),
(17, '2024-12-23', 2452),
(17, '2025-1-23', 2477),
(18, '2023-6-24', 2275),
(18, '2023-7-24', 2294),
(18, '2023-8-24', 2313),
(18, '2023-9-24', 2332),
(18, '2023-10-24', 2352),
(18, '2023-11-24', 2371),
(18, '2023-12-24', 2391),
(18, '2024-1-24', 2411),
(18, '2024-2-24', 2431),
(18, '2024-3-24', 2451),
(18, '2024-4-24', 2472),
(18, '2024-5-24', 2492),
(18, '2024-6-24', 2513),
(18, '2024-7-24', 2534),
(18, '2024-8-24', 2555),
(18, '2024-9-24', 2577),
(18, '2024-10-24', 2598),
(18, '2024-11-24', 2620),
(18, '2024-12-24', 2642),
(18, '2025-1-24', 2664),
(18, '2025-2-24', 2686),
(18, '2025-3-24', 2708),
(18, '2025-4-24', 2731),
(18, '2025-5-24', 2753),
(19, '2023-10-25', 1217),
(19, '2023-11-25', 1227),
(19, '2023-12-25', 1237),
(19, '2024-1-25', 1247),
(19, '2024-2-25', 1258),
(19, '2024-3-25', 1268),
(19, '2024-4-25', 1279),
(19, '2024-5-25', 1289),
(19, '2024-6-25', 1300),
(19, '2024-7-25', 1311),
(19, '2024-8-25', 1322),
(19, '2024-9-25', 1333),
(19, '2024-10-25', 1344),
(19, '2024-11-25', 1355),
(19, '2024-12-25', 1367),
(19, '2025-1-25', 1378),
(19, '2025-2-25', 1389),
(19, '2025-3-25', 1401),
(19, '2025-4-25', 1413),
(19, '2025-5-25', 1424),
(19, '2025-6-25', 1436),
(19, '2025-7-25', 1448),
(19, '2025-8-25', 1460),
(19, '2025-9-25', 1473),
(20, '2023-8-22', 1616),
(20, '2023-9-22', 1625),
(20, '2023-10-22', 1635),
(20, '2023-11-22', 1644),
(20, '2023-12-22', 1654),
(20, '2024-1-22', 1664),
(20, '2024-2-22', 1673),
(20, '2024-3-22', 1683),
(20, '2024-4-22', 1693),
(20, '2024-5-22', 1703),
(20, '2024-6-22', 1713),
(20, '2024-7-22', 1723);

INSERT INTO "bankDB"."LoanPayShedule"(
	"AgreementNumber", "PlanPaymentDate", "DebtPayment", "InterestPayment")
	VALUES INSERT INTO "bankDB"."LoanPaySchedule"(
	"AgreementNumber", "PlanPaymentDate", "DebtPayment", "InterestPayment")
	VALUES (1, '2023-3-9', 6417, 1027),
(1, '2023-4-9', 6417, 984),
(1, '2023-5-9', 6417, 941),
(1, '2023-6-9', 6417, 898),
(1, '2023-7-9', 6417, 856),
(1, '2023-8-9', 6417, 813),
(1, '2023-9-9', 6417, 770),
(1, '2023-10-9', 6417, 727),
(1, '2023-11-9', 6417, 684),
(1, '2023-12-9', 6417, 642),
(1, '2024-1-9', 6417, 599),
(1, '2024-2-9', 6417, 556),
(1, '2024-3-9', 6417, 513),
(1, '2024-4-9', 6417, 471),
(1, '2024-5-9', 6417, 428),
(1, '2024-6-9', 6417, 385),
(1, '2024-7-9', 6417, 342),
(1, '2024-8-9', 6417, 299),
(1, '2024-9-9', 6417, 257),
(1, '2024-10-9', 6417, 214),
(1, '2024-11-9', 6417, 171),
(1, '2024-12-9', 6417, 128),
(1, '2025-1-9', 6417, 86),
(1, '2025-2-9', 6417, 43),
(2, '2023-10-27', 11750, 1175),
(2, '2023-11-27', 11750, 1126),
(2, '2023-12-27', 11750, 1077),
(2, '2024-1-27', 11750, 1028),
(2, '2024-2-27', 11750, 979),
(2, '2024-3-27', 11750, 930),
(2, '2024-4-27', 11750, 881),
(2, '2024-5-27', 11750, 832),
(2, '2024-6-27', 11750, 783),
(2, '2024-7-27', 11750, 734),
(2, '2024-8-27', 11750, 685),
(2, '2024-9-27', 11750, 636),
(2, '2024-10-27', 11750, 588),
(2, '2024-11-27', 11750, 539),
(2, '2024-12-27', 11750, 490),
(2, '2025-1-27', 11750, 441),
(2, '2025-2-27', 11750, 392),
(2, '2025-3-27', 11750, 343),
(2, '2025-4-27', 11750, 294),
(2, '2025-5-27', 11750, 245),
(2, '2025-6-27', 11750, 196),
(2, '2025-7-27', 11750, 147),
(2, '2025-8-27', 11750, 98),
(2, '2025-9-27', 11750, 49),
(3, '2023-8-11', 6584, 1053),
(3, '2023-9-11', 6584, 1009),
(3, '2023-10-11', 6584, 966),
(3, '2023-11-11', 6584, 922),
(3, '2023-12-11', 6584, 878),
(3, '2024-1-11', 6584, 834),
(3, '2024-2-11', 6584, 790),
(3, '2024-3-11', 6584, 746),
(3, '2024-4-11', 6584, 702),
(3, '2024-5-11', 6584, 658),
(3, '2024-6-11', 6584, 614),
(3, '2024-7-11', 6584, 571),
(3, '2024-8-11', 6584, 527),
(3, '2024-9-11', 6584, 483),
(3, '2024-10-11', 6584, 439),
(3, '2024-11-11', 6584, 395),
(3, '2024-12-11', 6584, 351),
(3, '2025-1-11', 6584, 307),
(3, '2025-2-11', 6584, 263),
(3, '2025-3-11', 6584, 219),
(3, '2025-4-11', 6584, 175),
(3, '2025-5-11', 6584, 132),
(3, '2025-6-11', 6584, 88),
(3, '2025-7-11', 6584, 44),
(4, '2023-9-20', 12000, 1920),
(4, '2023-10-20', 12000, 1840),
(4, '2023-11-20', 12000, 1760),
(4, '2023-12-20', 12000, 1680),
(4, '2024-1-20', 12000, 1600),
(4, '2024-2-20', 12000, 1520),
(4, '2024-3-20', 12000, 1440),
(4, '2024-4-20', 12000, 1360),
(4, '2024-5-20', 12000, 1280),
(4, '2024-6-20', 12000, 1200),
(4, '2024-7-20', 12000, 1120),
(4, '2024-8-20', 12000, 1040),
(4, '2024-9-20', 12000, 960),
(4, '2024-10-20', 12000, 880),
(4, '2024-11-20', 12000, 800),
(4, '2024-12-20', 12000, 720),
(4, '2025-1-20', 12000, 640),
(4, '2025-2-20', 12000, 560),
(4, '2025-3-20', 12000, 480),
(4, '2025-4-20', 12000, 400),
(4, '2025-5-20', 12000, 320),
(4, '2025-6-20', 12000, 240),
(4, '2025-7-20', 12000, 160),
(4, '2025-8-20', 12000, 80),
(5, '2023-4-21', 9417, 1507),
(5, '2023-5-21', 9417, 1444),
(5, '2023-6-21', 9417, 1381),
(5, '2023-7-21', 9417, 1318),
(5, '2023-8-21', 9417, 1256),
(5, '2023-9-21', 9417, 1193),
(5, '2023-10-21', 9417, 1130),
(5, '2023-11-21', 9417, 1067),
(5, '2023-12-21', 9417, 1004),
(5, '2024-1-21', 9417, 942),
(5, '2024-2-21', 9417, 879),
(5, '2024-3-21', 9417, 816),
(5, '2024-4-21', 9417, 753),
(5, '2024-5-21', 9417, 691),
(5, '2024-6-21', 9417, 628),
(5, '2024-7-21', 9417, 565),
(5, '2024-8-21', 9417, 502),
(5, '2024-9-21', 9417, 439),
(5, '2024-10-21', 9417, 377),
(5, '2024-11-21', 9417, 314),
(5, '2024-12-21', 9417, 251),
(5, '2025-1-21', 9417, 188),
(5, '2025-2-21', 9417, 126),
(5, '2025-3-21', 9417, 63),
(6, '2023-9-27', 16667, 2333),
(6, '2023-10-27', 16667, 2139),
(6, '2023-11-27', 16667, 1944),
(6, '2023-12-27', 16667, 1750),
(6, '2024-1-27', 16667, 1556),
(6, '2024-2-27', 16667, 1361),
(6, '2024-3-27', 16667, 1167),
(6, '2024-4-27', 16667, 972),
(6, '2024-5-27', 16667, 778),
(6, '2024-6-27', 16667, 583),
(6, '2024-7-27', 16667, 389),
(6, '2024-8-27', 16667, 194);